{
  "IcoMoonType": "selection",
  "icons": [
    {
      "icon": {
        "paths": [
          "M614.286 420.571c0 4.571-2.286 9.714-5.714 13.143l-266.286 266.286c-3.429 3.429-8.571 5.714-13.143 5.714s-9.714-2.286-13.143-5.714l-266.286-266.286c-3.429-3.429-5.714-8.571-5.714-13.143s2.286-9.714 5.714-13.143l28.571-28.571c3.429-3.429 8-5.714 13.143-5.714 4.571 0 9.714 2.286 13.143 5.714l224.571 224.571 224.571-224.571c3.429-3.429 8.571-5.714 13.143-5.714s9.714 2.286 13.143 5.714l28.571 28.571c3.429 3.429 5.714 8.571 5.714 13.143z"
        ],
        "width": 658.2857142857142,
        "attrs": [],
        "isMulticolor": false,
        "isMulticolor2": false,
        "tags": [
          "angle-down"
        ],
        "defaultCode": 61703,
        "grid": 14
      },
      "attrs": [],
      "properties": {
        "name": "angle-down",
        "id": 236,
        "order": 6,
        "prevSize": 28,
        "code": 61703
      },
      "setIdx": 0,
      "setId": 1,
      "iconIdx": 236
    },
    {
      "icon": {
        "paths": [
          "M741.714 755.429c0 14.286-5.714 28.571-16 38.857l-77.714 77.714c-10.286 10.286-24.571 16-38.857 16s-28.571-5.714-38.857-16l-168-168-168 168c-10.286 10.286-24.571 16-38.857 16s-28.571-5.714-38.857-16l-77.714-77.714c-10.286-10.286-16-24.571-16-38.857s5.714-28.571 16-38.857l168-168-168-168c-10.286-10.286-16-24.571-16-38.857s5.714-28.571 16-38.857l77.714-77.714c10.286-10.286 24.571-16 38.857-16s28.571 5.714 38.857 16l168 168 168-168c10.286-10.286 24.571-16 38.857-16s28.571 5.714 38.857 16l77.714 77.714c10.286 10.286 16 24.571 16 38.857s-5.714 28.571-16 38.857l-168 168 168 168c10.286 10.286 16 24.571 16 38.857z"
        ],
        "width": 804.5714285714286,
        "attrs": [],
        "isMulticolor": false,
        "isMulticolor2": false,
        "tags": [
          "close",
          "remove",
          "times"
        ],
        "defaultCode": 61453,
        "grid": 14
      },
      "attrs": [],
      "properties": {
        "name": "times",
        "id": 0,
        "order": 72,
        "prevSize": 28,
        "code": 61453
      },
      "setIdx": 1,
      "setId": 0,
      "iconIdx": 0
    },
    {
      "icon": {
        "paths": [
          "M680 332l167.429-167.429-61.143-61.143-167.429 167.429zM935.429 164.571c0 9.714-3.429 18.857-10.286 25.714l-734.857 734.857c-6.857 6.857-16 10.286-25.714 10.286s-18.857-3.429-25.714-10.286l-113.143-113.143c-6.857-6.857-10.286-16-10.286-25.714s3.429-18.857 10.286-25.714l734.857-734.857c6.857-6.857 16-10.286 25.714-10.286s18.857 3.429 25.714 10.286l113.143 113.143c6.857 6.857 10.286 16 10.286 25.714zM163.429 56l56 17.143-56 17.143-17.143 56-17.143-56-56-17.143 56-17.143 17.143-56zM363.429 148.571l112 34.286-112 34.286-34.286 112-34.286-112-112-34.286 112-34.286 34.286-112zM894.857 421.714l56 17.143-56 17.143-17.143 56-17.143-56-56-17.143 56-17.143 17.143-56zM529.143 56l56 17.143-56 17.143-17.143 56-17.143-56-56-17.143 56-17.143 17.143-56z"
        ],
        "width": 966.2902857142857,
        "attrs": [],
        "isMulticolor": false,
        "isMulticolor2": false,
        "tags": [
          "magic"
        ],
        "defaultCode": 61648,
        "grid": 14
      },
      "attrs": [],
      "properties": {
        "name": "magic",
        "id": 1,
        "order": 71,
        "prevSize": 28,
        "code": 61648
      },
      "setIdx": 1,
      "setId": 0,
      "iconIdx": 1
    },
    {
      "icon": {
        "paths": [
          "M292.571 713.143v128c0 20-16.571 36.571-36.571 36.571h-146.286c-20 0-36.571-16.571-36.571-36.571v-128c0-20 16.571-36.571 36.571-36.571h146.286c20 0 36.571 16.571 36.571 36.571zM309.714 109.714l-16 438.857c-0.571 20-17.714 36.571-37.714 36.571h-146.286c-20 0-37.143-16.571-37.714-36.571l-16-438.857c-0.571-20 15.429-36.571 35.429-36.571h182.857c20 0 36 16.571 35.429 36.571z"
        ],
        "width": 365.71428571428567,
        "attrs": [],
        "isMulticolor": false,
        "isMulticolor2": false,
        "tags": [
          "exclamation"
        ],
        "defaultCode": 61738,
        "grid": 14
      },
      "attrs": [],
      "properties": {
        "name": "exclamation",
        "id": 2,
        "order": 73,
        "prevSize": 28,
        "code": 61738
      },
      "setIdx": 1,
      "setId": 0,
      "iconIdx": 2
    }
  ],
  "height": 1024,
  "metadata": {
    "name": "icomoon"
  },
  "preferences": {
    "showGlyphs": true,
    "showQuickUse": true,
    "showQuickUse2": true,
    "showSVGs": true,
    "fontPref": {
      "prefix": "icon-",
      "metadata": {
        "fontFamily": "icomoon",
        "majorVersion": 1,
        "minorVersion": 0
      },
      "metrics": {
        "emSize": 1024,
        "baseline": 6.25,
        "whitespace": 50
      },
      "embed": false,
      "showSelector": true,
      "selector": "i",
      "classSelector": ".icon",
      "showVersion": false,
      "showMetadata": false,
      "showMetrics": false,
      "cssVars": false,
      "cssVarsFormat": "scss"
    },
    "imagePref": {
      "prefix": "icon-",
      "png": true,
      "useClassSelector": true,
      "color": 0,
      "bgColor": 16777215,
      "classSelector": ".icon"
    },
    "historySize": 50,
    "showCodes": true,
    "gridSize": 16
  }
}